<?xml version="1.0" encoding="UTF-8"?><InteractionHistory Id="activity" Version="1"><InteractionEvent Delta="started" EndDate="2011-02-02 09:22:30.0 GMT-05:00" Interest="1.0" Kind="attention" Navigation="" OriginId="org.eclipse.ui.workbench" StartDate="2011-02-02 09:22:30.0 GMT-05:00" StructureHandle="org.eclipse.platform.ide" StructureKind="lifecycle"/><InteractionEvent Delta="stopped" EndDate="2011-02-02 09:24:32.658 GMT-05:00" Interest="1.0" Kind="attention" Navigation="" OriginId="org.eclipse.ui.workbench" StartDate="2011-02-02 09:24:32.658 GMT-05:00" StructureHandle="org.eclipse.platform.ide" StructureKind="lifecycle"/><InteractionEvent Delta="started" EndDate="2011-02-02 09:28:26.398 GMT-05:00" Interest="1.0" Kind="attention" Navigation="" OriginId="org.eclipse.ui.workbench" StartDate="2011-02-02 09:28:26.398 GMT-05:00" StructureHandle="org.eclipse.platform.ide" StructureKind="lifecycle"/><InteractionEvent Delta="stopped" EndDate="2011-02-02 16:02:15.39 GMT-05:00" Interest="1.0" Kind="attention" Navigation="" OriginId="org.eclipse.ui.workbench" StartDate="2011-02-02 16:02:15.39 GMT-05:00" StructureHandle="org.eclipse.platform.ide" StructureKind="lifecycle"/><InteractionEvent Delta="started" EndDate="2011-02-03 16:03:13.596 GMT-05:00" Interest="1.0" Kind="attention" Navigation="" OriginId="org.eclipse.ui.workbench" StartDate="2011-02-03 16:03:13.596 GMT-05:00" StructureHandle="org.eclipse.platform.ide" StructureKind="lifecycle"/><InteractionEvent Delta="stopped" EndDate="2011-02-03 17:50:36.638 GMT-05:00" Interest="1.0" Kind="attention" Navigation="" OriginId="org.eclipse.ui.workbench" StartDate="2011-02-03 17:50:36.638 GMT-05:00" StructureHandle="org.eclipse.platform.ide" StructureKind="lifecycle"/><InteractionEvent Delta="started" EndDate="2011-02-04 10:40:10.702 GMT-05:00" Interest="1.0" Kind="attention" Navigation="" OriginId="org.eclipse.ui.workbench" StartDate="2011-02-04 10:40:10.702 GMT-05:00" StructureHandle="org.eclipse.platform.ide" StructureKind="lifecycle"/><InteractionEvent Delta="stopped" EndDate="2011-02-04 18:25:18.464 GMT-05:00" Interest="1.0" Kind="attention" Navigation="" OriginId="org.eclipse.ui.workbench" StartDate="2011-02-04 18:25:18.464 GMT-05:00" StructureHandle="org.eclipse.platform.ide" StructureKind="lifecycle"/><InteractionEvent Delta="started" EndDate="2011-02-05 13:07:39.519 GMT-05:00" Interest="1.0" Kind="attention" Navigation="" OriginId="org.eclipse.ui.workbench" StartDate="2011-02-05 13:07:39.519 GMT-05:00" StructureHandle="org.eclipse.platform.ide" StructureKind="lifecycle"/><InteractionEvent Delta="stopped" EndDate="2011-02-05 17:23:35.443 GMT-05:00" Interest="1.0" Kind="attention" Navigation="" OriginId="org.eclipse.ui.workbench" StartDate="2011-02-05 17:23:35.443 GMT-05:00" StructureHandle="org.eclipse.platform.ide" StructureKind="lifecycle"/><InteractionEvent Delta="started" EndDate="2011-02-06 10:47:22.434 GMT-05:00" Interest="1.0" Kind="attention" Navigation="" OriginId="org.eclipse.ui.workbench" StartDate="2011-02-06 10:47:22.434 GMT-05:00" StructureHandle="org.eclipse.platform.ide" StructureKind="lifecycle"/><InteractionEvent Delta="stopped" EndDate="2011-02-06 13:52:48.217 GMT-05:00" Interest="1.0" Kind="attention" Navigation="" OriginId="org.eclipse.ui.workbench" StartDate="2011-02-06 13:52:48.217 GMT-05:00" StructureHandle="org.eclipse.platform.ide" StructureKind="lifecycle"/><InteractionEvent Delta="started" EndDate="2011-02-09 12:43:21.499 GMT-05:00" Interest="1.0" Kind="attention" Navigation="" OriginId="org.eclipse.ui.workbench" StartDate="2011-02-09 12:43:21.499 GMT-05:00" StructureHandle="org.eclipse.platform.ide" StructureKind="lifecycle"/><InteractionEvent Delta="stopped" EndDate="2011-02-09 14:52:28.196 GMT-05:00" Interest="1.0" Kind="attention" Navigation="" OriginId="org.eclipse.ui.workbench" StartDate="2011-02-09 14:52:28.196 GMT-05:00" StructureHandle="org.eclipse.platform.ide" StructureKind="lifecycle"/><InteractionEvent Delta="started" EndDate="2011-02-09 15:25:07.766 GMT-05:00" Interest="1.0" Kind="attention" Navigation="" OriginId="org.eclipse.ui.workbench" StartDate="2011-02-09 15:25:07.766 GMT-05:00" StructureHandle="org.eclipse.platform.ide" StructureKind="lifecycle"/><InteractionEvent Delta="stopped" EndDate="2011-02-09 16:11:35.854 GMT-05:00" Interest="1.0" Kind="attention" Navigation="" OriginId="org.eclipse.ui.workbench" StartDate="2011-02-09 16:11:35.853 GMT-05:00" StructureHandle="org.eclipse.platform.ide" StructureKind="lifecycle"/><InteractionEvent Delta="started" EndDate="2011-02-10 11:37:38.125 GMT-05:00" Interest="1.0" Kind="attention" Navigation="" OriginId="org.eclipse.ui.workbench" StartDate="2011-02-10 11:37:38.125 GMT-05:00" StructureHandle="org.eclipse.platform.ide" StructureKind="lifecycle"/><InteractionEvent Delta="stopped" EndDate="2011-02-10 15:22:34.456 GMT-05:00" Interest="1.0" Kind="attention" Navigation="" OriginId="org.eclipse.ui.workbench" StartDate="2011-02-10 15:22:34.456 GMT-05:00" StructureHandle="org.eclipse.platform.ide" StructureKind="lifecycle"/><InteractionEvent Delta="started" EndDate="2011-02-10 15:57:42.770 GMT-05:00" Interest="1.0" Kind="attention" Navigation="" OriginId="org.eclipse.ui.workbench" StartDate="2011-02-10 15:57:42.770 GMT-05:00" StructureHandle="org.eclipse.platform.ide" StructureKind="lifecycle"/><InteractionEvent Delta="stopped" EndDate="2011-02-10 17:55:51.540 GMT-05:00" Interest="1.0" Kind="attention" Navigation="" OriginId="org.eclipse.ui.workbench" StartDate="2011-02-10 17:55:51.540 GMT-05:00" StructureHandle="org.eclipse.platform.ide" StructureKind="lifecycle"/></InteractionHistory>